threshold,sensitivity,specificity,accuracy,f1,precision,roc_auc
0.01,0.9935,0.041,0.1693,0.2438,0.139,0.7534
0.011,0.9919,0.0432,0.1711,0.2439,0.139,0.7534
0.012,0.9919,0.0445,0.1722,0.2441,0.1392,0.7534
0.013,0.9919,0.0462,0.1737,0.2445,0.1394,0.7534
0.014,0.9919,0.048,0.1752,0.2448,0.1397,0.7534
0.015,0.9887,0.0503,0.1767,0.2446,0.1395,0.7534
0.016,0.9871,0.0515,0.1776,0.2445,0.1395,0.7534
0.017,0.9871,0.0525,0.1785,0.2447,0.1396,0.7534
0.018,0.9871,0.0535,0.1793,0.2448,0.1398,0.7534
0.019,0.9871,0.0543,0.18,0.245,0.1399,0.7534
0.02,0.9855,0.0553,0.1807,0.2448,0.1398,0.7534
0.021,0.9839,0.0568,0.1817,0.2448,0.1398,0.7534
0.022,0.9839,0.0588,0.1835,0.2452,0.14,0.7534
0.023,0.9839,0.0598,0.1843,0.2454,0.1402,0.7534
0.024,0.9823,0.0616,0.1857,0.2454,0.1402,0.7534
0.025,0.9823,0.0631,0.187,0.2457,0.1404,0.7534
0.026,0.9806,0.0646,0.188,0.2456,0.1404,0.7534
0.027,0.9806,0.0666,0.1898,0.246,0.1406,0.7534
0.028,0.979,0.0683,0.1911,0.246,0.1407,0.7534
0.029,0.9774,0.0711,0.1933,0.2462,0.1408,0.7534
0.03,0.9774,0.0724,0.1943,0.2464,0.141,0.7534
0.031,0.9774,0.0731,0.195,0.2466,0.1411,0.7534
0.032,0.9758,0.0744,0.1959,0.2465,0.1411,0.7534
0.033,0.9758,0.0769,0.198,0.247,0.1414,0.7534
0.034,0.9758,0.0776,0.1987,0.2471,0.1415,0.7534
0.035,0.9758,0.0802,0.2009,0.2477,0.1418,0.7534
0.036,0.9742,0.0812,0.2015,0.2475,0.1418,0.7534
0.037,0.9742,0.0819,0.2022,0.2477,0.1419,0.7534
0.038,0.9742,0.0829,0.203,0.2479,0.142,0.7534
0.039,0.9742,0.0844,0.2043,0.2482,0.1422,0.7534
0.04,0.9742,0.0852,0.205,0.2483,0.1423,0.7534
0.041,0.9742,0.0859,0.2057,0.2485,0.1424,0.7534
0.042,0.9726,0.0872,0.2065,0.2484,0.1424,0.7534
0.043,0.9726,0.0882,0.2074,0.2486,0.1425,0.7534
0.044,0.971,0.0907,0.2093,0.2487,0.1426,0.7534
0.045,0.971,0.0922,0.2107,0.249,0.1428,0.7534
0.046,0.971,0.0945,0.2126,0.2495,0.1431,0.7534
0.047,0.9694,0.0957,0.2135,0.2494,0.1431,0.7534
0.048,0.9694,0.0975,0.215,0.2498,0.1434,0.7534
0.049,0.9694,0.099,0.2163,0.2501,0.1436,0.7534
0.05,0.9694,0.0997,0.217,0.2502,0.1437,0.7534
0.051,0.9694,0.1003,0.2174,0.2503,0.1437,0.7534
0.052,0.9694,0.1013,0.2183,0.2506,0.1439,0.7534
0.053,0.9694,0.1018,0.2187,0.2507,0.1439,0.7534
0.054,0.9694,0.1025,0.2193,0.2508,0.1441,0.7534
0.055,0.9694,0.1033,0.22,0.251,0.1442,0.7534
0.056,0.9694,0.1048,0.2213,0.2513,0.1444,0.7534
0.057,0.9677,0.1068,0.2228,0.2513,0.1444,0.7534
0.058,0.9677,0.1078,0.2237,0.2515,0.1446,0.7534
0.059,0.9677,0.1093,0.225,0.2519,0.1448,0.7534
0.06,0.9677,0.1103,0.2259,0.2521,0.1449,0.7534
0.061,0.9677,0.1113,0.2267,0.2523,0.1451,0.7534
0.062,0.9677,0.1126,0.2278,0.2526,0.1452,0.7534
0.063,0.9677,0.1143,0.2293,0.2529,0.1455,0.7534
0.064,0.9677,0.1156,0.2304,0.2532,0.1456,0.7534
0.065,0.9677,0.1166,0.2313,0.2534,0.1458,0.7534
0.066,0.9677,0.1188,0.2333,0.2539,0.1461,0.7534
0.067,0.9661,0.1196,0.2337,0.2537,0.146,0.7534
0.068,0.9661,0.1206,0.2346,0.2539,0.1462,0.7534
0.069,0.9661,0.1216,0.2354,0.2541,0.1463,0.7534
0.07,0.9661,0.1226,0.2363,0.2543,0.1464,0.7534
0.071,0.9661,0.1239,0.2374,0.2546,0.1466,0.7534
0.072,0.9661,0.1264,0.2396,0.2551,0.147,0.7534
0.073,0.9661,0.1281,0.2411,0.2555,0.1472,0.7534
0.074,0.9661,0.1309,0.2435,0.2561,0.1476,0.7534
0.075,0.9661,0.1317,0.2441,0.2563,0.1477,0.7534
0.076,0.9661,0.1332,0.2454,0.2566,0.148,0.7534
0.077,0.9661,0.1337,0.2459,0.2567,0.148,0.7534
0.078,0.9661,0.1342,0.2463,0.2568,0.1481,0.7534
0.079,0.9645,0.1354,0.2472,0.2567,0.1481,0.7534
0.08,0.9645,0.1362,0.2478,0.2569,0.1482,0.7534
0.081,0.9645,0.1374,0.2489,0.2572,0.1484,0.7534
0.082,0.9645,0.1392,0.2504,0.2576,0.1486,0.7534
0.083,0.9645,0.1402,0.2513,0.2578,0.1488,0.7534
0.084,0.9645,0.142,0.2528,0.2582,0.149,0.7534
0.085,0.9645,0.1435,0.2541,0.2585,0.1493,0.7534
0.086,0.9645,0.1455,0.2559,0.259,0.1496,0.7534
0.087,0.9645,0.1472,0.2574,0.2594,0.1498,0.7534
0.088,0.9629,0.1482,0.258,0.2592,0.1498,0.7534
0.089,0.9629,0.15,0.2596,0.2596,0.15,0.7534
0.09,0.9629,0.1513,0.2607,0.2599,0.1502,0.7534
0.091,0.9629,0.1535,0.2626,0.2604,0.1506,0.7534
0.092,0.9629,0.1553,0.2641,0.2608,0.1508,0.7534
0.093,0.9629,0.1563,0.265,0.261,0.151,0.7534
0.094,0.9629,0.1565,0.2652,0.2611,0.151,0.7534
0.095,0.9629,0.1578,0.2663,0.2614,0.1512,0.7534
0.096,0.9629,0.1595,0.2678,0.2618,0.1515,0.7534
0.097,0.9629,0.1608,0.2689,0.262,0.1517,0.7534
0.098,0.9629,0.1628,0.2707,0.2625,0.152,0.7534
0.099,0.9629,0.1648,0.2724,0.263,0.1523,0.7534
0.1,0.9629,0.1656,0.273,0.2631,0.1524,0.7534
0.101,0.9629,0.1668,0.2741,0.2634,0.1526,0.7534
0.102,0.9629,0.1681,0.2752,0.2637,0.1528,0.7534
0.103,0.9629,0.1696,0.2765,0.2641,0.153,0.7534
0.104,0.9629,0.1701,0.277,0.2642,0.1531,0.7534
0.105,0.9613,0.1711,0.2776,0.264,0.153,0.7534
0.106,0.9613,0.1719,0.2783,0.2642,0.1532,0.7534
0.107,0.9613,0.1741,0.2802,0.2647,0.1535,0.7534
0.108,0.9613,0.1746,0.2807,0.2649,0.1536,0.7534
0.109,0.9613,0.1756,0.2815,0.2651,0.1538,0.7534
0.11,0.9613,0.1764,0.2822,0.2653,0.1539,0.7534
0.111,0.9613,0.1776,0.2833,0.2656,0.1541,0.7534
0.112,0.9613,0.1786,0.2841,0.2658,0.1542,0.7534
0.113,0.9613,0.1809,0.2861,0.2663,0.1546,0.7534
0.114,0.9613,0.1819,0.287,0.2666,0.1548,0.7534
0.115,0.9613,0.1832,0.288,0.2669,0.155,0.7534
0.116,0.9597,0.1842,0.2887,0.2667,0.1549,0.7534
0.117,0.9597,0.1849,0.2893,0.2669,0.155,0.7534
0.118,0.9597,0.1872,0.2913,0.2675,0.1554,0.7534
0.119,0.9597,0.1874,0.2915,0.2675,0.1554,0.7534
0.12,0.9597,0.1887,0.2926,0.2678,0.1556,0.7534
0.121,0.9581,0.1905,0.2939,0.2679,0.1557,0.7534
0.122,0.9581,0.193,0.2961,0.2685,0.1561,0.7534
0.123,0.9581,0.1945,0.2974,0.2688,0.1564,0.7534
0.124,0.9581,0.1945,0.2974,0.2688,0.1564,0.7534
0.125,0.9565,0.196,0.2985,0.2688,0.1564,0.7534
0.126,0.9565,0.196,0.2985,0.2688,0.1564,0.7534
0.127,0.9548,0.1987,0.3007,0.269,0.1566,0.7534
0.128,0.9548,0.2003,0.302,0.2694,0.1568,0.7534
0.129,0.9548,0.2015,0.303,0.2697,0.157,0.7534
0.13,0.9548,0.2028,0.3041,0.27,0.1573,0.7534
0.131,0.9548,0.2033,0.3046,0.2701,0.1573,0.7534
0.132,0.9548,0.2053,0.3063,0.2706,0.1577,0.7534
0.133,0.9548,0.2065,0.3074,0.271,0.1579,0.7534
0.134,0.9548,0.2075,0.3083,0.2712,0.1581,0.7534
0.135,0.9548,0.2093,0.3098,0.2716,0.1584,0.7534
0.136,0.9548,0.2095,0.31,0.2717,0.1584,0.7534
0.137,0.9548,0.2111,0.3113,0.2721,0.1587,0.7534
0.138,0.9548,0.2121,0.3122,0.2723,0.1588,0.7534
0.139,0.9548,0.2133,0.3133,0.2727,0.159,0.7534
0.14,0.9548,0.2141,0.3139,0.2728,0.1592,0.7534
0.141,0.9548,0.2156,0.3152,0.2732,0.1594,0.7534
0.142,0.9532,0.2171,0.3163,0.2732,0.1595,0.7534
0.143,0.9532,0.2193,0.3183,0.2738,0.1598,0.7534
0.144,0.9532,0.2201,0.3189,0.274,0.16,0.7534
0.145,0.9516,0.2214,0.3198,0.2739,0.16,0.7534
0.146,0.95,0.2224,0.3204,0.2737,0.1599,0.7534
0.147,0.95,0.2241,0.322,0.2742,0.1602,0.7534
0.148,0.95,0.2259,0.3235,0.2746,0.1605,0.7534
0.149,0.95,0.2264,0.3239,0.2748,0.1606,0.7534
0.15,0.95,0.2281,0.3254,0.2752,0.1609,0.7534
0.151,0.95,0.2286,0.3259,0.2753,0.161,0.7534
0.152,0.95,0.2312,0.328,0.276,0.1615,0.7534
0.153,0.95,0.2327,0.3293,0.2764,0.1617,0.7534
0.154,0.9484,0.2339,0.3302,0.2763,0.1617,0.7534
0.155,0.9468,0.2359,0.3317,0.2764,0.1618,0.7534
0.156,0.9468,0.2369,0.3326,0.2767,0.162,0.7534
0.157,0.9452,0.2382,0.3335,0.2766,0.162,0.7534
0.158,0.9452,0.2392,0.3343,0.2768,0.1622,0.7534
0.159,0.9435,0.2405,0.3352,0.2768,0.1622,0.7534
0.16,0.9435,0.2417,0.3363,0.2771,0.1624,0.7534
0.161,0.9435,0.2432,0.3376,0.2775,0.1627,0.7534
0.162,0.9435,0.245,0.3391,0.278,0.163,0.7534
0.163,0.9435,0.2457,0.3398,0.2782,0.1631,0.7534
0.164,0.9403,0.2465,0.34,0.2776,0.1628,0.7534
0.165,0.9403,0.2472,0.3407,0.2777,0.1629,0.7534
0.166,0.9387,0.2487,0.3417,0.2777,0.163,0.7534
0.167,0.9387,0.2518,0.3443,0.2785,0.1635,0.7534
0.168,0.9371,0.2535,0.3457,0.2786,0.1636,0.7534
0.169,0.9371,0.2558,0.3476,0.2792,0.164,0.7534
0.17,0.9355,0.2568,0.3483,0.279,0.164,0.7534
0.171,0.9355,0.258,0.3493,0.2794,0.1642,0.7534
0.172,0.9355,0.259,0.3502,0.2797,0.1644,0.7534
0.173,0.9355,0.2603,0.3513,0.28,0.1646,0.7534
0.174,0.9355,0.2613,0.3522,0.2803,0.1648,0.7534
0.175,0.9355,0.2631,0.3537,0.2807,0.1652,0.7534
0.176,0.9355,0.2646,0.355,0.2812,0.1655,0.7534
0.177,0.9355,0.2646,0.355,0.2812,0.1655,0.7534
0.178,0.9355,0.2661,0.3563,0.2816,0.1657,0.7534
0.179,0.9355,0.2671,0.3572,0.2819,0.1659,0.7534
0.18,0.9355,0.2683,0.3583,0.2822,0.1662,0.7534
0.181,0.9355,0.2693,0.3591,0.2825,0.1664,0.7534
0.182,0.9355,0.2716,0.3611,0.2831,0.1668,0.7534
0.183,0.9339,0.2719,0.3611,0.2828,0.1666,0.7534
0.184,0.9339,0.2744,0.3633,0.2835,0.1671,0.7534
0.185,0.9339,0.2756,0.3643,0.2838,0.1673,0.7534
0.186,0.9339,0.2774,0.3659,0.2843,0.1677,0.7534
0.187,0.9339,0.2779,0.3663,0.2844,0.1678,0.7534
0.188,0.9323,0.2794,0.3674,0.2844,0.1678,0.7534
0.189,0.9323,0.2812,0.3689,0.2849,0.1682,0.7534
0.19,0.9306,0.2824,0.3698,0.2849,0.1682,0.7534
0.191,0.929,0.2839,0.3709,0.2849,0.1682,0.7534
0.192,0.9274,0.2844,0.3711,0.2846,0.1681,0.7534
0.193,0.9274,0.2859,0.3724,0.285,0.1684,0.7534
0.194,0.9274,0.2864,0.3728,0.2851,0.1685,0.7534
0.195,0.9274,0.2874,0.3737,0.2854,0.1687,0.7534
0.196,0.9258,0.2892,0.375,0.2855,0.1688,0.7534
0.197,0.9258,0.2907,0.3763,0.2859,0.1691,0.7534
0.198,0.9242,0.2917,0.377,0.2858,0.169,0.7534
0.199,0.9242,0.295,0.3798,0.2867,0.1697,0.7534
0.2,0.9226,0.2965,0.3809,0.2867,0.1697,0.7534
0.201,0.9226,0.2982,0.3824,0.2872,0.1701,0.7534
0.202,0.9226,0.2995,0.3835,0.2876,0.1703,0.7534
0.203,0.921,0.3005,0.3841,0.2874,0.1703,0.7534
0.204,0.9194,0.3013,0.3846,0.2872,0.1702,0.7534
0.205,0.9194,0.303,0.3861,0.2877,0.1706,0.7534
0.206,0.9194,0.3045,0.3874,0.2882,0.1709,0.7534
0.207,0.9194,0.306,0.3887,0.2886,0.1712,0.7534
0.208,0.9194,0.3078,0.3902,0.2891,0.1715,0.7534
0.209,0.9177,0.3101,0.392,0.2893,0.1718,0.7534
0.21,0.9177,0.3113,0.393,0.2897,0.172,0.7534
0.211,0.9177,0.3136,0.395,0.2904,0.1725,0.7534
0.212,0.9161,0.3158,0.3967,0.2906,0.1727,0.7534
0.213,0.9161,0.3168,0.3976,0.2909,0.1729,0.7534
0.214,0.9145,0.3181,0.3985,0.2908,0.1729,0.7534
0.215,0.9129,0.3204,0.4002,0.2911,0.1731,0.7534
0.216,0.9097,0.3211,0.4004,0.2904,0.1728,0.7534
0.217,0.9081,0.3224,0.4013,0.2903,0.1728,0.7534
0.218,0.9081,0.3239,0.4026,0.2908,0.1731,0.7534
0.219,0.9081,0.3256,0.4041,0.2913,0.1735,0.7534
0.22,0.9065,0.3274,0.4054,0.2914,0.1736,0.7534
0.221,0.9065,0.3284,0.4063,0.2917,0.1738,0.7534
0.222,0.9065,0.3294,0.4072,0.292,0.1741,0.7534
0.223,0.9048,0.3309,0.4083,0.292,0.1741,0.7534
0.224,0.9048,0.3337,0.4107,0.2929,0.1747,0.7534
0.225,0.9048,0.3352,0.412,0.2933,0.175,0.7534
0.226,0.9016,0.3374,0.4135,0.2931,0.175,0.7534
0.227,0.9,0.3377,0.4135,0.2927,0.1748,0.7534
0.228,0.9,0.3399,0.4154,0.2934,0.1753,0.7534
0.229,0.8984,0.341,0.4161,0.2932,0.1752,0.7534
0.23,0.8984,0.3432,0.418,0.2939,0.1757,0.7534
0.231,0.8984,0.3445,0.4191,0.2943,0.176,0.7534
0.232,0.8984,0.3452,0.4198,0.2946,0.1762,0.7534
0.233,0.8984,0.3465,0.4209,0.295,0.1765,0.7534
0.234,0.8984,0.3475,0.4217,0.2953,0.1767,0.7534
0.235,0.8968,0.3487,0.4226,0.2952,0.1767,0.7534
0.236,0.8952,0.35,0.4235,0.2952,0.1767,0.7534
0.237,0.8952,0.3513,0.4246,0.2955,0.177,0.7534
0.238,0.8952,0.3518,0.425,0.2957,0.1771,0.7534
0.239,0.8952,0.3543,0.4272,0.2965,0.1777,0.7534
0.24,0.8952,0.3555,0.4283,0.2969,0.178,0.7534
0.241,0.8935,0.3573,0.4296,0.297,0.1781,0.7534
0.242,0.8903,0.3598,0.4313,0.2968,0.1781,0.7534
0.243,0.8903,0.3618,0.433,0.2975,0.1786,0.7534
0.244,0.8887,0.3628,0.4337,0.2973,0.1785,0.7534
0.245,0.8855,0.3633,0.4337,0.2966,0.1781,0.7534
0.246,0.8855,0.3643,0.4346,0.2969,0.1784,0.7534
0.247,0.8839,0.3661,0.4359,0.297,0.1785,0.7534
0.248,0.8839,0.3676,0.4372,0.2975,0.1788,0.7534
0.249,0.8839,0.3691,0.4385,0.298,0.1792,0.7534
0.25,0.8839,0.3704,0.4396,0.2984,0.1795,0.7534
0.251,0.8839,0.3719,0.4409,0.2989,0.1799,0.7534
0.252,0.8839,0.3729,0.4417,0.2992,0.1801,0.7534
0.253,0.8806,0.3741,0.4424,0.2987,0.1798,0.7534
0.254,0.8774,0.3754,0.443,0.2981,0.1796,0.7534
0.255,0.8758,0.3764,0.4437,0.298,0.1796,0.7534
0.256,0.8758,0.3784,0.4454,0.2987,0.18,0.7534
0.257,0.8758,0.3799,0.4467,0.2991,0.1804,0.7534
0.258,0.8742,0.3812,0.4476,0.2991,0.1804,0.7534
0.259,0.8742,0.3819,0.4483,0.2994,0.1806,0.7534
0.26,0.8742,0.3852,0.4511,0.3004,0.1814,0.7534
0.261,0.8742,0.3862,0.452,0.3008,0.1817,0.7534
0.262,0.8726,0.3882,0.4535,0.301,0.1819,0.7534
0.263,0.871,0.3897,0.4546,0.301,0.182,0.7534
0.264,0.871,0.3905,0.4552,0.3013,0.1821,0.7534
0.265,0.871,0.3912,0.4559,0.3015,0.1823,0.7534
0.266,0.871,0.392,0.4565,0.3018,0.1825,0.7534
0.267,0.8694,0.3925,0.4567,0.3015,0.1824,0.7534
0.268,0.8677,0.3935,0.4574,0.3013,0.1823,0.7534
0.269,0.8677,0.394,0.4578,0.3015,0.1825,0.7534
0.27,0.8677,0.3957,0.4593,0.3021,0.1829,0.7534
0.271,0.8677,0.3965,0.46,0.3023,0.1831,0.7534
0.272,0.8661,0.3977,0.4609,0.3023,0.1831,0.7534
0.273,0.8645,0.3987,0.4615,0.3021,0.1831,0.7534
0.274,0.8629,0.4,0.4624,0.3021,0.1831,0.7534
0.275,0.8629,0.4013,0.4635,0.3025,0.1834,0.7534
0.276,0.8629,0.4028,0.4648,0.303,0.1838,0.7534
0.277,0.8613,0.4038,0.4654,0.3029,0.1837,0.7534
0.278,0.8597,0.4058,0.467,0.3031,0.184,0.7534
0.279,0.8565,0.406,0.4667,0.3022,0.1835,0.7534
0.28,0.8548,0.407,0.4674,0.3021,0.1835,0.7534
0.281,0.8548,0.4085,0.4687,0.3026,0.1839,0.7534
0.282,0.8548,0.4103,0.4702,0.3032,0.1843,0.7534
0.283,0.8532,0.4123,0.4717,0.3034,0.1845,0.7534
0.284,0.8532,0.4143,0.4735,0.3041,0.185,0.7534
0.285,0.8516,0.4151,0.4739,0.3039,0.1849,0.7534
0.286,0.8516,0.4168,0.4754,0.3045,0.1854,0.7534
0.287,0.8516,0.4183,0.4767,0.305,0.1858,0.7534
0.288,0.85,0.4211,0.4789,0.3055,0.1862,0.7534
0.289,0.85,0.4219,0.4796,0.3057,0.1864,0.7534
0.29,0.85,0.4246,0.482,0.3067,0.1871,0.7534
0.291,0.85,0.4271,0.4841,0.3076,0.1878,0.7534
0.292,0.85,0.4284,0.4852,0.308,0.1881,0.7534
0.293,0.85,0.4294,0.4861,0.3084,0.1884,0.7534
0.294,0.85,0.4319,0.4883,0.3093,0.1891,0.7534
0.295,0.85,0.4329,0.4891,0.3097,0.1893,0.7534
0.296,0.8484,0.4342,0.49,0.3096,0.1894,0.7534
0.297,0.8484,0.4354,0.4911,0.3101,0.1897,0.7534
0.298,0.8484,0.4369,0.4924,0.3106,0.1901,0.7534
0.299,0.8484,0.4392,0.4943,0.3115,0.1908,0.7534
0.3,0.8484,0.4402,0.4952,0.3119,0.1911,0.7534
0.301,0.8484,0.443,0.4976,0.3129,0.1918,0.7534
0.302,0.8484,0.4447,0.4991,0.3135,0.1923,0.7534
0.303,0.8484,0.4457,0.5,0.3139,0.1926,0.7534
0.304,0.8484,0.4472,0.5013,0.3145,0.193,0.7534
0.305,0.8484,0.4497,0.5035,0.3154,0.1937,0.7534
0.306,0.8484,0.451,0.5046,0.3159,0.1941,0.7534
0.307,0.8484,0.4528,0.5061,0.3165,0.1946,0.7534
0.308,0.8484,0.4543,0.5074,0.3171,0.195,0.7534
0.309,0.8484,0.4563,0.5091,0.3179,0.1956,0.7534
0.31,0.8484,0.4585,0.5111,0.3188,0.1963,0.7534
0.311,0.8484,0.4598,0.5122,0.3192,0.1966,0.7534
0.312,0.8484,0.4618,0.5139,0.32,0.1972,0.7534
0.313,0.8468,0.4628,0.5146,0.3199,0.1972,0.7534
0.314,0.8452,0.4643,0.5157,0.32,0.1974,0.7534
0.315,0.8452,0.4658,0.517,0.3206,0.1978,0.7534
0.316,0.8452,0.4663,0.5174,0.3208,0.198,0.7534
0.317,0.8435,0.4676,0.5183,0.3208,0.1981,0.7534
0.318,0.8435,0.4681,0.5187,0.321,0.1982,0.7534
0.319,0.8435,0.4686,0.5191,0.3212,0.1984,0.7534
0.32,0.8435,0.4701,0.5204,0.3218,0.1988,0.7534
0.321,0.8435,0.4719,0.522,0.3224,0.1993,0.7534
0.322,0.8435,0.4726,0.5226,0.3227,0.1996,0.7534
0.323,0.8419,0.4739,0.5235,0.3227,0.1996,0.7534
0.324,0.8419,0.4756,0.525,0.3234,0.2002,0.7534
0.325,0.8419,0.4774,0.5265,0.3241,0.2007,0.7534
0.326,0.8419,0.4789,0.5278,0.3247,0.2012,0.7534
0.327,0.8419,0.4809,0.5296,0.3256,0.2018,0.7534
0.328,0.8403,0.4827,0.5309,0.3258,0.2021,0.7534
0.329,0.8403,0.4842,0.5322,0.3264,0.2025,0.7534
0.33,0.8387,0.4852,0.5328,0.3263,0.2025,0.7534
0.331,0.8387,0.4867,0.5341,0.3269,0.203,0.7534
0.332,0.8371,0.4884,0.5354,0.3271,0.2033,0.7534
0.333,0.8371,0.4902,0.537,0.3278,0.2038,0.7534
0.334,0.8355,0.491,0.5374,0.3276,0.2038,0.7534
0.335,0.8355,0.4922,0.5385,0.3281,0.2042,0.7534
0.336,0.8355,0.4942,0.5402,0.3289,0.2048,0.7534
0.337,0.8339,0.4957,0.5413,0.329,0.2049,0.7534
0.338,0.8323,0.4975,0.5426,0.3292,0.2052,0.7534
0.339,0.8323,0.499,0.5439,0.3298,0.2057,0.7534
0.34,0.8306,0.5018,0.5461,0.3304,0.2063,0.7534
0.341,0.8306,0.503,0.5472,0.331,0.2067,0.7534
0.342,0.8306,0.5035,0.5476,0.3312,0.2068,0.7534
0.343,0.8306,0.5038,0.5478,0.3313,0.2069,0.7534
0.344,0.8306,0.5055,0.5493,0.332,0.2075,0.7534
0.345,0.8306,0.5068,0.5504,0.3326,0.2079,0.7534
0.346,0.8306,0.5083,0.5517,0.3332,0.2084,0.7534
0.347,0.8306,0.509,0.5524,0.3335,0.2087,0.7534
0.348,0.8306,0.5111,0.5541,0.3344,0.2093,0.7534
0.349,0.829,0.5126,0.5552,0.3345,0.2096,0.7534
0.35,0.829,0.5136,0.5561,0.335,0.2099,0.7534
0.351,0.829,0.5143,0.5567,0.3353,0.2102,0.7534
0.352,0.8274,0.5158,0.5578,0.3354,0.2104,0.7534
0.353,0.8274,0.5171,0.5589,0.336,0.2108,0.7534
0.354,0.8274,0.5188,0.5604,0.3367,0.2114,0.7534
0.355,0.8274,0.5206,0.562,0.3375,0.212,0.7534
0.356,0.8258,0.5209,0.562,0.3371,0.2118,0.7534
0.357,0.8258,0.5219,0.5628,0.3375,0.2121,0.7534
0.358,0.8258,0.5241,0.5648,0.3385,0.2129,0.7534
0.359,0.8242,0.5254,0.5657,0.3385,0.213,0.7534
0.36,0.8242,0.5269,0.567,0.3392,0.2136,0.7534
0.361,0.8242,0.5276,0.5676,0.3395,0.2139,0.7534
0.362,0.8242,0.5286,0.5685,0.34,0.2142,0.7534
0.363,0.8242,0.5294,0.5691,0.3403,0.2145,0.7534
0.364,0.8226,0.5312,0.5704,0.3406,0.2148,0.7534
0.365,0.8226,0.5322,0.5713,0.341,0.2151,0.7534
0.366,0.8226,0.5334,0.5724,0.3416,0.2156,0.7534
0.367,0.8226,0.5344,0.5733,0.342,0.2159,0.7534
0.368,0.821,0.5359,0.5743,0.3422,0.2161,0.7534
0.369,0.821,0.5369,0.5752,0.3426,0.2165,0.7534
0.37,0.821,0.5382,0.5763,0.3432,0.217,0.7534
0.371,0.821,0.5384,0.5765,0.3433,0.2171,0.7534
0.372,0.821,0.5399,0.5778,0.344,0.2177,0.7534
0.373,0.821,0.541,0.5787,0.3445,0.218,0.7534
0.374,0.821,0.5427,0.5802,0.3453,0.2187,0.7534
0.375,0.821,0.5432,0.5807,0.3456,0.2189,0.7534
0.376,0.821,0.5445,0.5817,0.3461,0.2193,0.7534
0.377,0.821,0.5452,0.5824,0.3465,0.2196,0.7534
0.378,0.8177,0.5462,0.5828,0.3458,0.2193,0.7534
0.379,0.8161,0.5467,0.583,0.3455,0.2192,0.7534
0.38,0.8161,0.5472,0.5835,0.3457,0.2194,0.7534
0.381,0.8161,0.5487,0.5848,0.3464,0.2199,0.7534
0.382,0.8161,0.5495,0.5854,0.3468,0.2202,0.7534
0.383,0.8161,0.5505,0.5863,0.3472,0.2206,0.7534
0.384,0.8161,0.552,0.5876,0.348,0.2212,0.7534
0.385,0.8161,0.5525,0.588,0.3482,0.2213,0.7534
0.386,0.8161,0.554,0.5893,0.3489,0.2219,0.7534
0.387,0.8161,0.5548,0.59,0.3493,0.2222,0.7534
0.388,0.8161,0.5553,0.5904,0.3495,0.2224,0.7534
0.389,0.8145,0.5583,0.5928,0.3504,0.2232,0.7534
0.39,0.8145,0.559,0.5935,0.3507,0.2235,0.7534
0.391,0.8145,0.5601,0.5943,0.3512,0.2239,0.7534
0.392,0.8145,0.5606,0.5948,0.3514,0.2241,0.7534
0.393,0.8145,0.5613,0.5954,0.3518,0.2244,0.7534
0.394,0.8129,0.5621,0.5959,0.3516,0.2244,0.7534
0.395,0.8097,0.5626,0.5959,0.3507,0.2239,0.7534
0.396,0.8081,0.5636,0.5965,0.3506,0.2239,0.7534
0.397,0.8065,0.5646,0.5972,0.3505,0.2239,0.7534
0.398,0.8032,0.5658,0.5978,0.35,0.2238,0.7534
0.399,0.8016,0.5663,0.598,0.3497,0.2237,0.7534
0.4,0.8016,0.5668,0.5985,0.3499,0.2239,0.7534
0.401,0.8,0.5683,0.5996,0.3501,0.2241,0.7534
0.402,0.8,0.5698,0.6009,0.3508,0.2247,0.7534
0.403,0.8,0.5704,0.6013,0.351,0.2249,0.7534
0.404,0.8,0.5711,0.602,0.3514,0.2252,0.7534
0.405,0.7984,0.5719,0.6024,0.3512,0.2251,0.7534
0.406,0.7968,0.5729,0.603,0.3511,0.2252,0.7534
0.407,0.7952,0.5736,0.6035,0.3509,0.2252,0.7534
0.408,0.7919,0.5739,0.6033,0.3499,0.2246,0.7534
0.409,0.7887,0.5751,0.6039,0.3493,0.2244,0.7534
0.41,0.7871,0.5761,0.6046,0.3492,0.2244,0.7534
0.411,0.7855,0.5766,0.6048,0.3488,0.2243,0.7534
0.412,0.7855,0.5781,0.6061,0.3496,0.2249,0.7534
0.413,0.7839,0.5796,0.6072,0.3498,0.2252,0.7534
0.414,0.7839,0.5804,0.6078,0.3502,0.2255,0.7534
0.415,0.7839,0.5814,0.6087,0.3507,0.2259,0.7534
0.416,0.7823,0.5819,0.6089,0.3503,0.2258,0.7534
0.417,0.7806,0.5837,0.6102,0.3506,0.2261,0.7534
0.418,0.7806,0.5842,0.6107,0.3509,0.2264,0.7534
0.419,0.7806,0.5854,0.6117,0.3515,0.2269,0.7534
0.42,0.779,0.5869,0.6128,0.3517,0.2272,0.7534
0.421,0.779,0.5882,0.6139,0.3523,0.2277,0.7534
0.422,0.7774,0.5905,0.6157,0.3529,0.2283,0.7534
0.423,0.7758,0.5915,0.6163,0.3528,0.2283,0.7534
0.424,0.7758,0.5917,0.6165,0.3529,0.2284,0.7534
0.425,0.7726,0.592,0.6163,0.3518,0.2278,0.7534
0.426,0.7726,0.593,0.6172,0.3523,0.2282,0.7534
0.427,0.771,0.5937,0.6176,0.3521,0.2282,0.7534
0.428,0.771,0.596,0.6196,0.3533,0.2292,0.7534
0.429,0.771,0.5972,0.6207,0.3539,0.2297,0.7534
0.43,0.771,0.5992,0.6224,0.3549,0.2306,0.7534
0.431,0.771,0.6,0.623,0.3554,0.2309,0.7534
0.432,0.771,0.6028,0.6254,0.3569,0.2322,0.7534
0.433,0.7661,0.604,0.6259,0.3557,0.2317,0.7534
0.434,0.7629,0.6045,0.6259,0.3547,0.2311,0.7534
0.435,0.7597,0.6063,0.627,0.3544,0.2312,0.7534
0.436,0.7597,0.607,0.6276,0.3548,0.2315,0.7534
0.437,0.7597,0.6078,0.6283,0.3552,0.2319,0.7534
0.438,0.7597,0.6085,0.6289,0.3557,0.2322,0.7534
0.439,0.7581,0.6101,0.63,0.3559,0.2325,0.7534
0.44,0.7565,0.6121,0.6315,0.3563,0.2331,0.7534
0.441,0.7565,0.6128,0.6322,0.3567,0.2334,0.7534
0.442,0.7565,0.6151,0.6341,0.3579,0.2345,0.7534
0.443,0.7565,0.6163,0.6352,0.3586,0.2351,0.7534
0.444,0.7565,0.6173,0.6361,0.3592,0.2355,0.7534
0.445,0.7565,0.6181,0.6367,0.3596,0.2359,0.7534
0.446,0.7516,0.6183,0.6363,0.3578,0.2348,0.7534
0.447,0.7516,0.6188,0.6367,0.3581,0.2351,0.7534
0.448,0.7516,0.6193,0.6372,0.3584,0.2353,0.7534
0.449,0.7484,0.6198,0.6372,0.3574,0.2348,0.7534
0.45,0.7468,0.6221,0.6389,0.358,0.2355,0.7534
0.451,0.7468,0.6231,0.6398,0.3586,0.236,0.7534
0.452,0.7468,0.6246,0.6411,0.3594,0.2367,0.7534
0.453,0.7468,0.6256,0.642,0.36,0.2372,0.7534
0.454,0.7468,0.6269,0.643,0.3606,0.2378,0.7534
0.455,0.7468,0.6276,0.6437,0.3611,0.2382,0.7534
0.456,0.7468,0.6286,0.6446,0.3616,0.2387,0.7534
0.457,0.7468,0.6304,0.6461,0.3627,0.2396,0.7534
0.458,0.7452,0.6309,0.6463,0.3623,0.2394,0.7534
0.459,0.7452,0.6327,0.6478,0.3633,0.2403,0.7534
0.46,0.7403,0.6337,0.648,0.3619,0.2396,0.7534
0.461,0.7387,0.6344,0.6485,0.3617,0.2396,0.7534
0.462,0.7387,0.6359,0.6498,0.3625,0.2403,0.7534
0.463,0.7387,0.6364,0.6502,0.3628,0.2406,0.7534
0.464,0.7387,0.6377,0.6513,0.3636,0.2412,0.7534
0.465,0.7371,0.6382,0.6515,0.3632,0.2411,0.7534
0.466,0.7355,0.6397,0.6526,0.3635,0.2414,0.7534
0.467,0.7355,0.6407,0.6535,0.364,0.2419,0.7534
0.468,0.7306,0.6417,0.6537,0.3626,0.2412,0.7534
0.469,0.729,0.6427,0.6543,0.3626,0.2414,0.7534
0.47,0.7274,0.6435,0.6548,0.3623,0.2413,0.7534
0.471,0.7274,0.6442,0.6554,0.3628,0.2417,0.7534
0.472,0.7242,0.645,0.6557,0.3619,0.2413,0.7534
0.473,0.7242,0.6457,0.6563,0.3623,0.2417,0.7534
0.474,0.7226,0.6467,0.657,0.3622,0.2418,0.7534
0.475,0.7194,0.648,0.6576,0.3616,0.2416,0.7534
0.476,0.7194,0.6495,0.6589,0.3625,0.2424,0.7534
0.477,0.7177,0.6518,0.6607,0.3632,0.2432,0.7534
0.478,0.7161,0.654,0.6624,0.3639,0.244,0.7534
0.479,0.7161,0.6548,0.663,0.3643,0.2444,0.7534
0.48,0.7145,0.6555,0.6635,0.3641,0.2443,0.7534
0.481,0.7129,0.6568,0.6643,0.3642,0.2447,0.7534
0.482,0.7129,0.6583,0.6657,0.3651,0.2455,0.7534
0.483,0.7097,0.6595,0.6663,0.3645,0.2453,0.7534
0.484,0.7097,0.6601,0.6667,0.3648,0.2456,0.7534
0.485,0.7097,0.6611,0.6676,0.3654,0.2461,0.7534
0.486,0.7097,0.6626,0.6689,0.3663,0.2469,0.7534
0.487,0.7097,0.6636,0.6698,0.3669,0.2475,0.7534
0.488,0.7081,0.6638,0.6698,0.3663,0.2472,0.7534
0.489,0.7032,0.6643,0.6696,0.3646,0.2462,0.7534
0.49,0.7032,0.6648,0.67,0.3649,0.2465,0.7534
0.491,0.7016,0.6658,0.6707,0.3648,0.2466,0.7534
0.492,0.7,0.6673,0.6717,0.365,0.2469,0.7534
0.493,0.7,0.6693,0.6735,0.3662,0.2481,0.7534
0.494,0.6952,0.6709,0.6741,0.3651,0.2477,0.7534
0.495,0.6919,0.6719,0.6746,0.3644,0.2474,0.7534
0.496,0.6919,0.6734,0.6759,0.3653,0.2482,0.7534
0.497,0.6887,0.6741,0.6761,0.3644,0.2478,0.7534
0.498,0.6887,0.6749,0.6767,0.3648,0.2482,0.7534
0.499,0.6871,0.6759,0.6774,0.3648,0.2484,0.7534
0.5,0.6839,0.6771,0.678,0.3642,0.2482,0.7534
0.501,0.6806,0.6779,0.6783,0.3632,0.2478,0.7534
0.502,0.679,0.6779,0.678,0.3625,0.2473,0.7534
0.503,0.6774,0.6791,0.6789,0.3626,0.2476,0.7534
0.504,0.6758,0.6796,0.6791,0.3622,0.2475,0.7534
0.505,0.6742,0.6814,0.6804,0.3626,0.2481,0.7534
0.506,0.6694,0.6819,0.6802,0.3607,0.247,0.7534
0.507,0.6694,0.6834,0.6815,0.3616,0.2479,0.7534
0.508,0.6694,0.6847,0.6826,0.3625,0.2487,0.7534
0.509,0.6661,0.6857,0.683,0.3617,0.2484,0.7534
0.51,0.6645,0.6859,0.683,0.3611,0.2481,0.7534
0.511,0.6645,0.6864,0.6835,0.3615,0.2484,0.7534
0.512,0.6629,0.6879,0.6846,0.3618,0.2489,0.7534
0.513,0.6613,0.6894,0.6857,0.3619,0.2493,0.7534
0.514,0.6597,0.6915,0.6872,0.3625,0.2501,0.7534
0.515,0.6581,0.6922,0.6876,0.3623,0.2501,0.7534
0.516,0.6565,0.6927,0.6878,0.3618,0.2499,0.7534
0.517,0.6548,0.6937,0.6885,0.3618,0.2501,0.7534
0.518,0.6548,0.695,0.6896,0.3626,0.2509,0.7534
0.519,0.6548,0.6972,0.6915,0.364,0.2522,0.7534
0.52,0.6516,0.6982,0.692,0.3632,0.2519,0.7534
0.521,0.6452,0.6995,0.6922,0.361,0.2508,0.7534
0.522,0.6452,0.701,0.6935,0.362,0.2518,0.7534
0.523,0.6435,0.7023,0.6943,0.3621,0.2521,0.7534
0.524,0.6403,0.7033,0.6948,0.3613,0.2518,0.7534
0.525,0.6387,0.7035,0.6948,0.3607,0.2515,0.7534
0.526,0.6355,0.7045,0.6952,0.36,0.2513,0.7534
0.527,0.6323,0.7065,0.6965,0.3596,0.2514,0.7534
0.528,0.6306,0.7083,0.6978,0.3601,0.2522,0.7534
0.529,0.629,0.7093,0.6985,0.3599,0.2522,0.7534
0.53,0.629,0.7123,0.7011,0.3619,0.2542,0.7534
0.531,0.629,0.7128,0.7015,0.3622,0.2545,0.7534
0.532,0.6258,0.7141,0.7022,0.3614,0.2543,0.7534
0.533,0.6258,0.7148,0.7028,0.362,0.2548,0.7534
0.534,0.6258,0.7161,0.7039,0.3629,0.2557,0.7534
0.535,0.6226,0.7188,0.7059,0.3632,0.2566,0.7534
0.536,0.6226,0.7198,0.7067,0.3639,0.2573,0.7534
0.537,0.6177,0.7209,0.707,0.3623,0.2565,0.7534
0.538,0.6161,0.7221,0.7078,0.3624,0.2568,0.7534
0.539,0.6161,0.7231,0.7087,0.3631,0.2575,0.7534
0.54,0.6161,0.7241,0.7096,0.3637,0.2582,0.7534
0.541,0.6145,0.7256,0.7107,0.364,0.2587,0.7534
0.542,0.6145,0.7271,0.712,0.365,0.2598,0.7534
0.543,0.6129,0.7286,0.713,0.3652,0.2602,0.7534
0.544,0.6097,0.7299,0.7137,0.3645,0.2601,0.7534
0.545,0.6081,0.7307,0.7141,0.3642,0.2601,0.7534
0.546,0.6065,0.7322,0.7152,0.3645,0.2607,0.7534
0.547,0.6065,0.7329,0.7159,0.365,0.2612,0.7534
0.548,0.6048,0.7332,0.7159,0.3643,0.2608,0.7534
0.549,0.6048,0.7347,0.7172,0.3653,0.2619,0.7534
0.55,0.6048,0.7354,0.7178,0.3658,0.2624,0.7534
0.551,0.6032,0.7372,0.7191,0.3664,0.2632,0.7534
0.552,0.6032,0.7377,0.7196,0.3667,0.2636,0.7534
0.553,0.6,0.7402,0.7213,0.3669,0.2644,0.7534
0.554,0.5968,0.7405,0.7211,0.3654,0.2635,0.7534
0.555,0.5952,0.7425,0.7226,0.3661,0.2645,0.7534
0.556,0.5935,0.7445,0.7241,0.3668,0.2655,0.7534
0.557,0.5935,0.7462,0.7257,0.368,0.2668,0.7534
0.558,0.5919,0.7472,0.7263,0.3679,0.2671,0.7534
0.559,0.5903,0.7482,0.727,0.3678,0.2673,0.7534
0.56,0.5887,0.7495,0.7278,0.3679,0.2678,0.7534
0.561,0.5871,0.75,0.728,0.3674,0.2676,0.7534
0.562,0.5839,0.751,0.7285,0.3664,0.2672,0.7534
0.563,0.5839,0.7525,0.7298,0.3675,0.2684,0.7534
0.564,0.5823,0.7543,0.7311,0.368,0.2692,0.7534
0.565,0.5806,0.7563,0.7326,0.3687,0.2703,0.7534
0.566,0.5806,0.7578,0.7339,0.3698,0.2715,0.7534
0.567,0.5806,0.7583,0.7343,0.3702,0.2719,0.7534
0.568,0.579,0.7593,0.735,0.37,0.2721,0.7534
0.569,0.5774,0.7598,0.7352,0.3696,0.272,0.7534
0.57,0.5742,0.7616,0.7363,0.3693,0.2724,0.7534
0.571,0.5742,0.7628,0.7374,0.3702,0.2734,0.7534
0.572,0.571,0.7646,0.7385,0.3699,0.2738,0.7534
0.573,0.571,0.7656,0.7393,0.3707,0.2747,0.7534
0.574,0.571,0.7663,0.74,0.3713,0.2753,0.7534
0.575,0.5677,0.7673,0.7404,0.3703,0.275,0.7534
0.576,0.5677,0.7688,0.7417,0.3715,0.2763,0.7534
0.577,0.5661,0.7691,0.7417,0.3709,0.276,0.7534
0.578,0.5629,0.7704,0.7424,0.3702,0.276,0.7534
0.579,0.5613,0.7714,0.743,0.3702,0.2764,0.7534
0.58,0.5597,0.7724,0.7437,0.3702,0.2767,0.7534
0.581,0.5581,0.7739,0.7448,0.3705,0.2775,0.7534
0.582,0.5581,0.7751,0.7459,0.3715,0.2786,0.7534
0.583,0.5565,0.7761,0.7465,0.3714,0.2789,0.7534
0.584,0.5548,0.7769,0.747,0.3712,0.279,0.7534
0.585,0.5468,0.7779,0.7467,0.3677,0.2771,0.7534
0.586,0.5452,0.7786,0.7472,0.3674,0.2772,0.7534
0.587,0.5452,0.7799,0.7483,0.3685,0.2784,0.7534
0.588,0.5435,0.7814,0.7493,0.3688,0.2793,0.7534
0.589,0.5419,0.7829,0.7504,0.3692,0.2801,0.7534
0.59,0.5419,0.7842,0.7515,0.3702,0.2813,0.7534
0.591,0.5419,0.7859,0.753,0.3716,0.2828,0.7534
0.592,0.5419,0.7867,0.7537,0.3722,0.2835,0.7534
0.593,0.5403,0.7884,0.755,0.3726,0.2845,0.7534
0.594,0.5371,0.7905,0.7563,0.3725,0.2853,0.7534
0.595,0.5339,0.7935,0.7585,0.3732,0.2871,0.7534
0.596,0.5339,0.7955,0.7602,0.3749,0.2891,0.7534
0.597,0.5339,0.7957,0.7604,0.3751,0.2894,0.7534
0.598,0.5339,0.7967,0.7613,0.376,0.2904,0.7534
0.599,0.5339,0.798,0.7624,0.3771,0.2917,0.7534
0.6,0.529,0.7992,0.7628,0.3754,0.2912,0.7534
0.601,0.5258,0.8005,0.7635,0.3747,0.2913,0.7534
0.602,0.5226,0.8015,0.7639,0.3737,0.2911,0.7534
0.603,0.5226,0.8028,0.765,0.3748,0.2924,0.7534
0.604,0.521,0.8043,0.7661,0.3752,0.2934,0.7534
0.605,0.521,0.8058,0.7674,0.3766,0.2952,0.7534
0.606,0.521,0.8083,0.7696,0.3788,0.2979,0.7534
0.607,0.5177,0.8088,0.7696,0.3774,0.2972,0.7534
0.608,0.5161,0.8101,0.7704,0.3775,0.2979,0.7534
0.609,0.5129,0.8108,0.7707,0.3764,0.2975,0.7534
0.61,0.5113,0.8118,0.7713,0.3763,0.2979,0.7534
0.611,0.5081,0.8133,0.7722,0.3758,0.2984,0.7534
0.612,0.5065,0.8143,0.7728,0.3757,0.2988,0.7534
0.613,0.5065,0.8151,0.7735,0.3762,0.2995,0.7534
0.614,0.5048,0.8158,0.7739,0.3759,0.2996,0.7534
0.615,0.5032,0.8178,0.7754,0.3768,0.3014,0.7534
0.616,0.5032,0.8186,0.7761,0.3775,0.3023,0.7534
0.617,0.5032,0.8196,0.777,0.3783,0.3034,0.7534
0.618,0.5032,0.8201,0.7774,0.3788,0.304,0.7534
0.619,0.5032,0.8209,0.778,0.3795,0.3049,0.7534
0.62,0.4984,0.8216,0.778,0.3772,0.3037,0.7534
0.621,0.4952,0.8231,0.7789,0.3764,0.3039,0.7534
0.622,0.4935,0.8239,0.7793,0.3762,0.3042,0.7534
0.623,0.4919,0.8241,0.7793,0.3753,0.3037,0.7534
0.624,0.4903,0.8251,0.78,0.3752,0.3042,0.7534
0.625,0.4887,0.8261,0.7807,0.3751,0.3047,0.7534
0.626,0.4839,0.8269,0.7807,0.3727,0.3035,0.7534
0.627,0.4839,0.8274,0.7811,0.3732,0.3041,0.7534
0.628,0.4839,0.8291,0.7826,0.3748,0.3063,0.7534
0.629,0.4839,0.8299,0.7833,0.3755,0.3073,0.7534
0.63,0.4839,0.8304,0.7837,0.376,0.3079,0.7534
0.631,0.4839,0.8324,0.7854,0.3779,0.3104,0.7534
0.632,0.4839,0.8339,0.7867,0.3793,0.3123,0.7534
0.633,0.4839,0.8354,0.788,0.3807,0.3142,0.7534
0.634,0.4839,0.8367,0.7891,0.3819,0.3158,0.7534
0.635,0.4823,0.8382,0.7902,0.3823,0.3171,0.7534
0.636,0.479,0.8394,0.7909,0.3813,0.3172,0.7534
0.637,0.4742,0.8399,0.7907,0.3786,0.3157,0.7534
0.638,0.471,0.8405,0.7907,0.377,0.3149,0.7534
0.639,0.4677,0.8415,0.7911,0.3759,0.3148,0.7534
0.64,0.4613,0.8427,0.7913,0.3728,0.3134,0.7534
0.641,0.4581,0.844,0.792,0.372,0.3138,0.7534
0.642,0.4548,0.8445,0.792,0.3704,0.313,0.7534
0.643,0.4532,0.846,0.793,0.3708,0.3144,0.7534
0.644,0.4532,0.848,0.7948,0.3728,0.3172,0.7534
0.645,0.4532,0.8492,0.7959,0.3741,0.319,0.7534
0.646,0.4532,0.851,0.7974,0.3758,0.3216,0.7534
0.647,0.4532,0.8523,0.7985,0.377,0.3233,0.7534
0.648,0.4516,0.8535,0.7993,0.3772,0.3245,0.7534
0.649,0.4468,0.8543,0.7993,0.3745,0.3231,0.7534
0.65,0.4468,0.8548,0.7998,0.3749,0.3238,0.7534
0.651,0.4468,0.8563,0.8011,0.3765,0.3259,0.7534
0.652,0.4452,0.857,0.8015,0.3761,0.3263,0.7534
0.653,0.4452,0.8585,0.8028,0.3777,0.3287,0.7534
0.654,0.4419,0.859,0.8028,0.3761,0.3279,0.7534
0.655,0.4403,0.8603,0.8037,0.3763,0.3293,0.7534
0.656,0.4371,0.8606,0.8035,0.3743,0.3281,0.7534
0.657,0.4371,0.8626,0.8052,0.3764,0.3314,0.7534
0.658,0.4371,0.8633,0.8059,0.3773,0.3327,0.7534
0.659,0.4339,0.8648,0.8067,0.3764,0.3332,0.7534
0.66,0.4274,0.8651,0.8061,0.372,0.3302,0.7534
0.661,0.4242,0.8658,0.8063,0.3706,0.33,0.7534
0.662,0.4226,0.8663,0.8065,0.3701,0.3301,0.7534
0.663,0.4194,0.8668,0.8065,0.3683,0.3292,0.7534
0.664,0.4194,0.8678,0.8074,0.3694,0.3309,0.7534
0.665,0.4177,0.8686,0.8078,0.369,0.3315,0.7534
0.666,0.4161,0.8698,0.8087,0.3692,0.3328,0.7534
0.667,0.4161,0.8709,0.8096,0.3702,0.3344,0.7534
0.668,0.4161,0.8724,0.8109,0.3719,0.3371,0.7534
0.669,0.4161,0.8734,0.8117,0.3729,0.3387,0.7534
0.67,0.4145,0.8754,0.8133,0.374,0.3416,0.7534
0.671,0.4145,0.8761,0.8139,0.3748,0.3429,0.7534
0.672,0.4113,0.8774,0.8146,0.3737,0.3432,0.7534
0.673,0.4097,0.8791,0.8159,0.3746,0.3458,0.7534
0.674,0.4097,0.8804,0.817,0.3761,0.3484,0.7534
0.675,0.4081,0.8812,0.8174,0.3757,0.349,0.7534
0.676,0.4081,0.8824,0.8185,0.377,0.3513,0.7534
0.677,0.4081,0.8827,0.8187,0.3773,0.3519,0.7534
0.678,0.4048,0.8839,0.8193,0.3764,0.3526,0.7534
0.679,0.4032,0.8849,0.82,0.3762,0.3537,0.7534
0.68,0.4016,0.8859,0.8207,0.3762,0.3547,0.7534
0.681,0.4016,0.8877,0.8222,0.3782,0.3582,0.7534
0.682,0.3984,0.8884,0.8224,0.3767,0.358,0.7534
0.683,0.3968,0.8889,0.8226,0.3761,0.3581,0.7534
0.684,0.3968,0.8905,0.8239,0.3778,0.3615,0.7534
0.685,0.3968,0.8915,0.8248,0.379,0.3636,0.7534
0.686,0.3919,0.8925,0.825,0.3764,0.3631,0.7534
0.687,0.3903,0.8935,0.8257,0.3764,0.3643,0.7534
0.688,0.3887,0.8947,0.8265,0.3765,0.366,0.7534
0.689,0.3887,0.896,0.8276,0.378,0.369,0.7534
0.69,0.3871,0.897,0.8283,0.3779,0.3702,0.7534
0.691,0.3823,0.8982,0.8287,0.3753,0.3698,0.7534
0.692,0.3806,0.8995,0.8296,0.3757,0.372,0.7534
0.693,0.3806,0.9,0.83,0.3763,0.3734,0.7534
0.694,0.3806,0.9005,0.8304,0.3769,0.3746,0.7534
0.695,0.3774,0.9008,0.8302,0.3746,0.3733,0.7534
0.696,0.3742,0.9013,0.8302,0.3727,0.3726,0.7534
0.697,0.3742,0.9013,0.8302,0.3727,0.3726,0.7534
0.698,0.3726,0.9033,0.8317,0.3737,0.3764,0.7534
0.699,0.3726,0.9045,0.8328,0.3752,0.3794,0.7534
0.7,0.3726,0.9055,0.8337,0.3765,0.3821,0.7534
0.701,0.371,0.9063,0.8341,0.376,0.3828,0.7534
0.702,0.371,0.9065,0.8343,0.3763,0.3835,0.7534
0.703,0.3645,0.907,0.8339,0.3715,0.3803,0.7534
0.704,0.3645,0.907,0.8339,0.3715,0.3803,0.7534
0.705,0.3629,0.9075,0.8341,0.3707,0.3805,0.7534
0.706,0.3629,0.909,0.8354,0.3725,0.384,0.7534
0.707,0.3597,0.9111,0.8367,0.3721,0.387,0.7534
0.708,0.3597,0.9118,0.8374,0.3731,0.389,0.7534
0.709,0.3581,0.9123,0.8376,0.3723,0.3892,0.7534
0.71,0.3581,0.9138,0.8389,0.3743,0.3935,0.7534
0.711,0.3581,0.9143,0.8393,0.3749,0.395,0.7534
0.712,0.3581,0.9151,0.84,0.3759,0.3972,0.7534
0.713,0.3565,0.9156,0.8402,0.3751,0.3974,0.7534
0.714,0.3548,0.9168,0.8411,0.3753,0.3996,0.7534
0.715,0.3516,0.9176,0.8413,0.3735,0.3997,0.7534
0.716,0.35,0.9186,0.842,0.3733,0.4013,0.7534
0.717,0.3484,0.9191,0.8422,0.3727,0.4018,0.7534
0.718,0.3484,0.9198,0.8428,0.3736,0.404,0.7534
0.719,0.3468,0.9201,0.8428,0.3726,0.4037,0.7534
0.72,0.3452,0.9206,0.843,0.3719,0.4043,0.7534
0.721,0.3452,0.9216,0.8439,0.3732,0.4072,0.7534
0.722,0.3419,0.9216,0.8435,0.3703,0.4048,0.7534
0.723,0.3387,0.9224,0.8437,0.3684,0.4049,0.7534
0.724,0.3371,0.9236,0.8446,0.3686,0.4075,0.7534
0.725,0.3339,0.9241,0.8446,0.3663,0.4067,0.7534
0.726,0.3339,0.9251,0.8454,0.3676,0.41,0.7534
0.727,0.3339,0.9259,0.8461,0.3686,0.4123,0.7534
0.728,0.3323,0.9266,0.8465,0.368,0.4135,0.7534
0.729,0.3306,0.9271,0.8467,0.3674,0.4143,0.7534
0.73,0.329,0.9271,0.8465,0.3659,0.4131,0.7534
0.731,0.3274,0.9279,0.847,0.3654,0.4143,0.7534
0.732,0.3258,0.9279,0.8467,0.3639,0.4132,0.7534
0.733,0.3226,0.9289,0.8472,0.3623,0.4143,0.7534
0.734,0.321,0.9291,0.8472,0.3612,0.4142,0.7534
0.735,0.3194,0.9304,0.848,0.3613,0.4171,0.7534
0.736,0.3161,0.9317,0.8487,0.3598,0.4188,0.7534
0.737,0.3161,0.9334,0.8502,0.3622,0.425,0.7534
0.738,0.3161,0.9344,0.8511,0.3635,0.4289,0.7534
0.739,0.3161,0.9349,0.8515,0.3642,0.4309,0.7534
0.74,0.3161,0.9362,0.8526,0.3659,0.4359,0.7534
0.741,0.3145,0.9367,0.8528,0.3651,0.4365,0.7534
0.742,0.3113,0.9374,0.853,0.3631,0.4371,0.7534
0.743,0.3113,0.9387,0.8541,0.3648,0.4422,0.7534
0.744,0.3097,0.9392,0.8543,0.364,0.4432,0.7534
0.745,0.3081,0.9394,0.8543,0.3627,0.4428,0.7534
0.746,0.3065,0.9397,0.8543,0.3615,0.4425,0.7534
0.747,0.3032,0.9407,0.8548,0.3599,0.4445,0.7534
0.748,0.3016,0.941,0.8548,0.3587,0.4443,0.7534
0.749,0.2984,0.9412,0.8546,0.3559,0.443,0.7534
0.75,0.2919,0.9417,0.8541,0.3503,0.4401,0.7534
0.751,0.2919,0.9425,0.8548,0.3513,0.4436,0.7534
0.752,0.2903,0.9445,0.8563,0.3523,0.4501,0.7534
0.753,0.2871,0.945,0.8563,0.3499,0.4497,0.7534
0.754,0.2823,0.9452,0.8559,0.3454,0.4468,0.7534
0.755,0.2823,0.9457,0.8563,0.3461,0.4492,0.7534
0.756,0.2823,0.947,0.8574,0.3479,0.4548,0.7534
0.757,0.2823,0.9475,0.8578,0.3485,0.4569,0.7534
0.758,0.2823,0.9477,0.858,0.3489,0.4585,0.7534
0.759,0.2806,0.9482,0.8583,0.348,0.4601,0.7534
0.76,0.2806,0.9487,0.8587,0.3487,0.4626,0.7534
0.761,0.2806,0.9495,0.8593,0.3499,0.4664,0.7534
0.762,0.279,0.9503,0.8598,0.349,0.4683,0.7534
0.763,0.279,0.9515,0.8609,0.3508,0.4754,0.7534
0.764,0.2774,0.952,0.8611,0.3498,0.4763,0.7534
0.765,0.2742,0.9525,0.8611,0.3472,0.4769,0.7534
0.766,0.2742,0.9525,0.8611,0.3472,0.4769,0.7534
0.767,0.2742,0.9525,0.8611,0.3472,0.4769,0.7534
0.768,0.2726,0.953,0.8613,0.3462,0.4778,0.7534
0.769,0.2694,0.9538,0.8615,0.3438,0.4791,0.7534
0.77,0.2661,0.9543,0.8615,0.3411,0.4784,0.7534
0.771,0.2629,0.955,0.8617,0.3389,0.4803,0.7534
0.772,0.2613,0.9558,0.8622,0.3381,0.4823,0.7534
0.773,0.2597,0.9565,0.8626,0.3374,0.4852,0.7534
0.774,0.2581,0.957,0.8628,0.3364,0.4865,0.7534
0.775,0.2548,0.9578,0.863,0.3339,0.4873,0.7534
0.776,0.2532,0.9583,0.8633,0.3329,0.4885,0.7534
0.777,0.2516,0.959,0.8637,0.3322,0.4912,0.7534
0.778,0.25,0.9595,0.8639,0.3312,0.4929,0.7534
0.779,0.2452,0.9606,0.8641,0.3271,0.4943,0.7534
0.78,0.2435,0.9606,0.8639,0.3252,0.4924,0.7534
0.781,0.2435,0.9613,0.8646,0.3264,0.4978,0.7534
0.782,0.2435,0.9618,0.865,0.327,0.5006,0.7534
0.783,0.2435,0.9621,0.8652,0.3274,0.5022,0.7534
0.784,0.2419,0.9626,0.8654,0.3264,0.5044,0.7534
0.785,0.2403,0.9636,0.8661,0.3261,0.5101,0.7534
0.786,0.2403,0.9636,0.8661,0.3261,0.5101,0.7534
0.787,0.2371,0.9648,0.8667,0.3241,0.5151,0.7534
0.788,0.2339,0.9651,0.8665,0.3208,0.5137,0.7534
0.789,0.2339,0.9651,0.8665,0.3208,0.5137,0.7534
0.79,0.2339,0.9661,0.8674,0.3222,0.5208,0.7534
0.791,0.2339,0.9661,0.8674,0.3222,0.5208,0.7534
0.792,0.2306,0.9671,0.8678,0.3198,0.5246,0.7534
0.793,0.229,0.9678,0.8683,0.3191,0.5284,0.7534
0.794,0.2274,0.9686,0.8687,0.3185,0.5343,0.7534
0.795,0.2274,0.9696,0.8696,0.3198,0.5427,0.7534
0.796,0.2274,0.9698,0.8698,0.3202,0.5457,0.7534
0.797,0.2274,0.9706,0.8704,0.3214,0.553,0.7534
0.798,0.2274,0.9709,0.8707,0.3217,0.5549,0.7534
0.799,0.2242,0.9716,0.8709,0.319,0.558,0.7534
0.8,0.2242,0.9721,0.8713,0.3198,0.5633,0.7534
0.801,0.2226,0.9721,0.8711,0.3179,0.5617,0.7534
0.802,0.2194,0.9721,0.8707,0.3139,0.5579,0.7534
0.803,0.2177,0.9726,0.8709,0.3125,0.561,0.7534
0.804,0.2161,0.9731,0.8711,0.3112,0.5621,0.7534
0.805,0.2129,0.9734,0.8709,0.3075,0.5606,0.7534
0.806,0.2113,0.9739,0.8711,0.3061,0.5636,0.7534
0.807,0.2097,0.9744,0.8713,0.3049,0.567,0.7534
0.808,0.2081,0.9749,0.8715,0.3037,0.5714,0.7534
0.809,0.2048,0.9754,0.8715,0.3005,0.5717,0.7534
0.81,0.2032,0.9754,0.8713,0.2986,0.5698,0.7534
0.811,0.2,0.9754,0.8709,0.2947,0.5669,0.7534
0.812,0.1984,0.9754,0.8707,0.2925,0.5646,0.7534
0.813,0.1984,0.9764,0.8715,0.2939,0.5741,0.7534
0.814,0.1984,0.9764,0.8715,0.2939,0.5741,0.7534
0.815,0.1968,0.9769,0.8717,0.2923,0.576,0.7534
0.816,0.1968,0.9769,0.8717,0.2923,0.576,0.7534
0.817,0.1968,0.9771,0.872,0.2927,0.5793,0.7534
0.818,0.1968,0.9776,0.8724,0.2934,0.5861,0.7534
0.819,0.1952,0.9776,0.8722,0.2914,0.5843,0.7534
0.82,0.1935,0.9781,0.8724,0.2899,0.5875,0.7534
0.821,0.1935,0.9786,0.8728,0.2906,0.5925,0.7534
0.822,0.1903,0.9789,0.8726,0.2866,0.5925,0.7534
0.823,0.1887,0.9791,0.8726,0.2851,0.5932,0.7534
0.824,0.1855,0.9791,0.8722,0.2809,0.5887,0.7534
0.825,0.1855,0.9791,0.8722,0.2809,0.5887,0.7534
0.826,0.1855,0.9794,0.8724,0.2813,0.5913,0.7534
0.827,0.1855,0.9794,0.8724,0.2813,0.5913,0.7534
0.828,0.1839,0.9796,0.8724,0.2793,0.5931,0.7534
0.829,0.1839,0.9799,0.8726,0.2796,0.5966,0.7534
0.83,0.1806,0.9802,0.8724,0.2759,0.5975,0.7534
0.831,0.179,0.9804,0.8724,0.2741,0.5985,0.7534
0.832,0.1774,0.9807,0.8724,0.2722,0.5995,0.7534
0.833,0.1758,0.9807,0.8722,0.2702,0.5972,0.7534
0.834,0.1742,0.9814,0.8726,0.269,0.602,0.7534
0.835,0.1742,0.9817,0.8728,0.2694,0.6048,0.7534
0.836,0.1742,0.9817,0.8728,0.2694,0.6048,0.7534
0.837,0.171,0.9819,0.8726,0.2653,0.6043,0.7534
0.838,0.171,0.9819,0.8726,0.2653,0.6043,0.7534
0.839,0.171,0.9822,0.8728,0.2656,0.6066,0.7534
0.84,0.1694,0.9824,0.8728,0.2636,0.6067,0.7534
0.841,0.1677,0.9827,0.8728,0.2617,0.6071,0.7534
0.842,0.1677,0.9827,0.8728,0.2617,0.6071,0.7534
0.843,0.1661,0.9829,0.8728,0.26,0.6093,0.7534
0.844,0.1661,0.9832,0.873,0.2603,0.6121,0.7534
0.845,0.1629,0.9834,0.8728,0.2561,0.6103,0.7534
0.846,0.1613,0.9837,0.8728,0.2541,0.6107,0.7534
0.847,0.1597,0.9844,0.8733,0.2527,0.6174,0.7534
0.848,0.1597,0.9847,0.8735,0.2531,0.6218,0.7534
0.849,0.1581,0.9847,0.8733,0.2508,0.6192,0.7534
0.85,0.1565,0.9854,0.8737,0.2497,0.631,0.7534
0.851,0.1532,0.9857,0.8735,0.2454,0.6301,0.7534
0.852,0.1532,0.9857,0.8735,0.2454,0.6301,0.7534
0.853,0.1516,0.9862,0.8737,0.2436,0.6344,0.7534
0.854,0.1516,0.9864,0.8739,0.244,0.6404,0.7534
0.855,0.15,0.9869,0.8741,0.2422,0.6453,0.7534
0.856,0.1468,0.9872,0.8739,0.2379,0.6436,0.7534
0.857,0.1452,0.9874,0.8739,0.236,0.6469,0.7534
0.858,0.1435,0.9874,0.8737,0.2336,0.6445,0.7534
0.859,0.1419,0.9877,0.8737,0.2315,0.6459,0.7534
0.86,0.1419,0.9877,0.8737,0.2315,0.6459,0.7534
0.861,0.1387,0.9877,0.8733,0.2266,0.639,0.7534
0.862,0.1371,0.9877,0.873,0.2242,0.6374,0.7534
0.863,0.1355,0.9877,0.8728,0.222,0.6353,0.7534
0.864,0.129,0.9879,0.8722,0.2128,0.6257,0.7534
0.865,0.1258,0.9882,0.872,0.2083,0.6271,0.7534
0.866,0.1226,0.9884,0.8717,0.2039,0.6245,0.7534
0.867,0.1226,0.9892,0.8724,0.2045,0.6418,0.7534
0.868,0.1226,0.9899,0.873,0.2054,0.6638,0.7534
0.869,0.1226,0.9902,0.8733,0.2057,0.6738,0.7534
0.87,0.1177,0.9902,0.8726,0.1985,0.6664,0.7534
0.871,0.1129,0.9905,0.8722,0.1913,0.6607,0.7534
0.872,0.1129,0.9912,0.8728,0.1923,0.6781,0.7534
0.873,0.1113,0.9912,0.8726,0.1899,0.6745,0.7534
0.874,0.1065,0.9912,0.872,0.1822,0.6588,0.7534
0.875,0.1016,0.9915,0.8715,0.1746,0.6546,0.7534
0.876,0.1,0.992,0.8717,0.1725,0.6671,0.7534
0.877,0.1,0.992,0.8717,0.1725,0.6671,0.7534
0.878,0.0984,0.9922,0.8717,0.17,0.668,0.7534
0.879,0.0968,0.9925,0.8717,0.1675,0.673,0.7534
0.88,0.0968,0.9927,0.872,0.1677,0.6813,0.7534
0.881,0.0968,0.993,0.8722,0.168,0.688,0.7534
0.882,0.0952,0.9935,0.8724,0.1659,0.7113,0.7534
0.883,0.0919,0.9937,0.8722,0.1613,0.7092,0.7534
0.884,0.0903,0.994,0.8722,0.159,0.7142,0.7534
0.885,0.0903,0.994,0.8722,0.159,0.7142,0.7534
0.886,0.0871,0.994,0.8717,0.1535,0.7008,0.7534
0.887,0.0871,0.9942,0.872,0.1537,0.7175,0.7534
0.888,0.0855,0.9942,0.8717,0.1508,0.7092,0.7534
0.889,0.0839,0.9942,0.8715,0.148,0.7008,0.7534
0.89,0.0839,0.9942,0.8715,0.148,0.7008,0.7534
0.891,0.079,0.9945,0.8711,0.1404,0.7083,0.7534
0.892,0.0774,0.9945,0.8709,0.1379,0.7058,0.7534
0.893,0.0774,0.9947,0.8711,0.138,0.7142,0.7534
0.894,0.0758,0.9947,0.8709,0.1353,0.71,0.7534
0.895,0.0742,0.995,0.8709,0.133,0.7117,0.7534
0.896,0.0726,0.9952,0.8709,0.1308,0.7208,0.7534
0.897,0.071,0.9955,0.8709,0.1283,0.7333,0.7534
0.898,0.0694,0.9955,0.8707,0.1255,0.7333,0.7534
0.899,0.0677,0.9955,0.8704,0.1226,0.725,0.7534
0.9,0.0661,0.9955,0.8702,0.1197,0.725,0.7534
0.901,0.0645,0.9957,0.8702,0.1172,0.745,0.7534
0.902,0.0645,0.996,0.8704,0.1173,0.7533,0.7534
0.903,0.0645,0.996,0.8704,0.1173,0.7533,0.7534
0.904,0.0645,0.996,0.8704,0.1173,0.7533,0.7534
0.905,0.0645,0.996,0.8704,0.1173,0.7533,0.7534
0.906,0.0645,0.9962,0.8707,0.1176,0.7608,0.7534
0.907,0.0645,0.9965,0.8709,0.1177,0.7858,0.7534
0.908,0.0645,0.9967,0.8711,0.1178,0.7942,0.7534
0.909,0.0613,0.9967,0.8707,0.1122,0.7858,0.7534
0.91,0.0613,0.9967,0.8707,0.1122,0.7858,0.7534
0.911,0.0597,0.9967,0.8704,0.1095,0.7775,0.7534
0.912,0.0581,0.9967,0.8702,0.1067,0.7692,0.7534
0.913,0.0581,0.9967,0.8702,0.1067,0.7692,0.7534
0.914,0.0548,0.9967,0.8698,0.1012,0.7692,0.7534
0.915,0.0516,0.9967,0.8693,0.0953,0.7692,0.7534
0.916,0.05,0.9967,0.8691,0.0923,0.7442,0.7534
0.917,0.0484,0.9967,0.8689,0.0891,0.6942,0.7534
0.918,0.0468,0.997,0.8689,0.0863,0.6858,0.7534
0.919,0.0468,0.997,0.8689,0.0863,0.6858,0.7534
0.92,0.0452,0.997,0.8687,0.0837,0.6833,0.7534
0.921,0.0452,0.997,0.8687,0.0837,0.6833,0.7534
0.922,0.0435,0.9975,0.8689,0.0808,0.6833,0.7534
0.923,0.0435,0.9977,0.8691,0.081,0.7,0.7534
0.924,0.0435,0.9985,0.8698,0.0813,0.7208,0.7534
0.925,0.0435,0.9985,0.8698,0.0813,0.7208,0.7534
0.926,0.0419,0.9985,0.8696,0.0783,0.6958,0.7534
0.927,0.0371,0.9985,0.8689,0.0691,0.5958,0.7534
0.928,0.0371,0.9985,0.8689,0.0691,0.5958,0.7534
0.929,0.0371,0.9985,0.8689,0.0691,0.5958,0.7534
0.93,0.0355,0.9985,0.8687,0.0662,0.5958,0.7534
0.931,0.0339,0.9987,0.8687,0.0636,0.6125,0.7534
0.932,0.0339,0.9992,0.8691,0.0639,0.65,0.7534
0.933,0.0339,0.9992,0.8691,0.0639,0.65,0.7534
0.934,0.0306,0.9992,0.8687,0.0581,0.65,0.7534
0.935,0.029,0.9992,0.8685,0.0549,0.6,0.7534
0.936,0.029,0.9992,0.8685,0.0549,0.6,0.7534
0.937,0.0274,0.9992,0.8683,0.0522,0.6,0.7534
0.938,0.0258,0.9995,0.8683,0.0491,0.575,0.7534
0.939,0.0242,0.9995,0.868,0.0462,0.575,0.7534
0.94,0.0226,0.9997,0.868,0.0434,0.6,0.7534
0.941,0.0226,0.9997,0.868,0.0434,0.6,0.7534
0.942,0.021,0.9997,0.8678,0.0402,0.55,0.7534
0.943,0.021,0.9997,0.8678,0.0402,0.55,0.7534
0.944,0.021,0.9997,0.8678,0.0402,0.55,0.7534
0.945,0.021,0.9997,0.8678,0.0402,0.55,0.7534
0.946,0.0194,0.9997,0.8676,0.0373,0.55,0.7534
0.947,0.0194,0.9997,0.8676,0.0373,0.55,0.7534
0.948,0.0177,0.9997,0.8674,0.0342,0.5,0.7534
0.949,0.0177,1.0,0.8676,0.0342,0.5,0.7534
0.95,0.0177,1.0,0.8676,0.0342,0.5,0.7534
0.951,0.0177,1.0,0.8676,0.0342,0.5,0.7534
0.952,0.0161,1.0,0.8674,0.0311,0.45,0.7534
0.953,0.0161,1.0,0.8674,0.0311,0.45,0.7534
0.954,0.0161,1.0,0.8674,0.0311,0.45,0.7534
0.955,0.0161,1.0,0.8674,0.0311,0.45,0.7534
0.956,0.0161,1.0,0.8674,0.0311,0.45,0.7534
0.957,0.0161,1.0,0.8674,0.0311,0.45,0.7534
0.958,0.0161,1.0,0.8674,0.0311,0.45,0.7534
0.959,0.0145,1.0,0.8672,0.0279,0.4,0.7534
0.96,0.0129,1.0,0.867,0.0248,0.35,0.7534
0.961,0.0113,1.0,0.8667,0.0219,0.35,0.7534
0.962,0.0081,1.0,0.8663,0.0156,0.25,0.7534
0.963,0.0081,1.0,0.8663,0.0156,0.25,0.7534
0.964,0.0065,1.0,0.8661,0.0125,0.2,0.7534
0.965,0.0048,1.0,0.8659,0.0094,0.15,0.7534
0.966,0.0048,1.0,0.8659,0.0094,0.15,0.7534
0.967,0.0048,1.0,0.8659,0.0094,0.15,0.7534
0.968,0.0048,1.0,0.8659,0.0094,0.15,0.7534
0.969,0.0048,1.0,0.8659,0.0094,0.15,0.7534
0.97,0.0048,1.0,0.8659,0.0094,0.15,0.7534
0.971,0.0048,1.0,0.8659,0.0094,0.15,0.7534
0.972,0.0048,1.0,0.8659,0.0094,0.15,0.7534
0.973,0.0048,1.0,0.8659,0.0094,0.15,0.7534
0.974,0.0048,1.0,0.8659,0.0094,0.15,0.7534
0.975,0.0032,1.0,0.8657,0.0062,0.1,0.7534
0.976,0.0016,1.0,0.8654,0.0031,0.05,0.7534
0.977,0.0016,1.0,0.8654,0.0031,0.05,0.7534
0.978,0.0016,1.0,0.8654,0.0031,0.05,0.7534
0.979,0.0016,1.0,0.8654,0.0031,0.05,0.7534
0.98,0.0016,1.0,0.8654,0.0031,0.05,0.7534
0.981,0.0016,1.0,0.8654,0.0031,0.05,0.7534
0.982,0.0,1.0,0.8652,0.0,0.0,0.7534
0.983,0.0,1.0,0.8652,0.0,0.0,0.7534
0.984,0.0,1.0,0.8652,0.0,0.0,0.7534
0.985,0.0,1.0,0.8652,0.0,0.0,0.7534
0.986,0.0,1.0,0.8652,0.0,0.0,0.7534
0.987,0.0,1.0,0.8652,0.0,0.0,0.7534
0.988,0.0,1.0,0.8652,0.0,0.0,0.7534
0.989,0.0,1.0,0.8652,0.0,0.0,0.7534
0.99,0.0,1.0,0.8652,0.0,0.0,0.7534
0.991,0.0,1.0,0.8652,0.0,0.0,0.7534
0.992,0.0,1.0,0.8652,0.0,0.0,0.7534
0.993,0.0,1.0,0.8652,0.0,0.0,0.7534
0.994,0.0,1.0,0.8652,0.0,0.0,0.7534
0.995,0.0,1.0,0.8652,0.0,0.0,0.7534
0.996,0.0,1.0,0.8652,0.0,0.0,0.7534
0.997,0.0,1.0,0.8652,0.0,0.0,0.7534
0.998,0.0,1.0,0.8652,0.0,0.0,0.7534
0.999,0.0,1.0,0.8652,0.0,0.0,0.7534
